{
  "environment": {
    "python": "3.12.0",
    "torch": "2.6.0+cu124",
    "platform": "Windows-11-10.0.26200-SP0",
    "device_name": "NVIDIA GeForce RTX 4060 Laptop GPU"
  },
  "runs": [
    {
      "dim": 128,
      "batch_size": 64,
      "device": "cuda",
      "dense_params": 49664,
      "spectral_params": 896,
      "dense_ula_ms_median": 0.6090999813750386,
      "spectral_ula_ms_median": 1.1792000150308013,
      "dense_ula_ms_all": [
        0.6800999399274588,
        0.7239999249577522,
        0.6011000368744135,
        0.6582001224160194,
        0.6111999973654747,
        0.6307000294327736,
        0.5941998679190874,
        0.6069999653846025,
        0.5489999894052744,
        0.604500062763691
      ],
      "spectral_ula_ms_all": [
        4.192500142380595,
        1.3439999893307686,
        1.362500013783574,
        1.1839000508189201,
        1.0915000457316637,
        1.0816999711096287,
        1.0435001458972692,
        1.1297999881207943,
        1.4285000506788492,
        1.1744999792426825
      ]
    },
    {
      "dim": 256,
      "batch_size": 64,
      "device": "cuda",
      "dense_params": 197632,
      "spectral_params": 1792,
      "dense_ula_ms_median": 0.5890000611543655,
      "spectral_ula_ms_median": 1.1857498902827501,
      "dense_ula_ms_all": [
        0.6486999336630106,
        0.5884000565856695,
        0.547800213098526,
        0.5720001645386219,
        0.687899999320507,
        0.6552999839186668,
        0.5336999893188477,
        0.5896000657230616,
        0.5970001220703125,
        0.5617998540401459
      ],
      "spectral_ula_ms_all": [
        1.2130998075008392,
        1.123199937865138,
        1.29029992967844,
        1.158399973064661,
        1.1521999258548021,
        1.0507998522371054,
        1.1171000078320503,
        1.2718001380562782,
        1.4553000219166279,
        1.2458001729100943
      ]
    },
    {
      "dim": 512,
      "batch_size": 64,
      "device": "cuda",
      "dense_params": 788480,
      "spectral_params": 3584,
      "dense_ula_ms_median": 0.5494500510394573,
      "spectral_ula_ms_median": 1.1300001060590148,
      "dense_ula_ms_all": [
        0.6796999368816614,
        0.7041001226752996,
        0.578099861741066,
        0.5264000501483679,
        0.5296000745147467,
        0.5185999907553196,
        0.8103000000119209,
        0.5669998936355114,
        0.521400012075901,
        0.5319002084434032
      ],
      "spectral_ula_ms_all": [
        1.9929001573473215,
        1.147200120612979,
        1.0879000183194876,
        1.0551000013947487,
        1.1128000915050507,
        1.247999956831336,
        1.215500058606267,
        1.1868998408317566,
        1.078000059351325,
        1.0475998278707266
      ]
    }
  ]
}
