{
  "config": {
    "dim": 128,
    "batch_size": 64,
    "steps": 10,
    "device": "cuda",
    "output": "benchmark_results\\2026-07-14-structured-cuda.json"
  },
  "runs": {
    "dense": {
      "parameters": 49664,
      "ula_ms": [
        0.6960319876670837,
        0.567520022392273,
        0.7127040028572083,
        0.6453120112419128,
        0.5980160236358643,
        0.543008029460907,
        0.5847039818763733,
        0.6809599995613098,
        0.7096319794654846,
        0.5488640069961548
      ]
    },
    "spectral": {
      "parameters": 896,
      "ula_ms": [
        1.2687360048294067,
        1.1827199459075928,
        1.0740480422973633,
        1.0465279817581177,
        1.358847975730896,
        1.1507200002670288,
        1.0494400262832642,
        1.1312639713287354,
        1.1079679727554321,
        1.2339199781417847
      ]
    },
    "diagonal": {
      "parameters": 896,
      "ula_ms": [
        0.5652480125427246,
        0.565343976020813,
        0.591871976852417,
        0.6136639714241028,
        0.549888014793396,
        2.5712640285491943,
        0.6113280057907104,
        0.5877760052680969,
        0.5956479907035828,
        0.7116479873657227
      ]
    }
  }
}
