{
  "config": {
    "channels": 4,
    "dims": [
      32,
      64
    ],
    "batch_size": 8,
    "chain_steps": 3,
    "repeats": 10,
    "device": "cpu",
    "output": "benchmark_results\\2026-07-14-extensions-cpu.json"
  },
  "environment": {
    "python": "3.12.0",
    "torch": "2.6.0+cu124",
    "platform": "Windows-11-10.0.26200-SP0",
    "device_name": "Intel64 Family 6 Model 186 Stepping 2, GenuineIntel"
  },
  "block_layer_runs": [
    {
      "channels": 4,
      "dim": 32,
      "batch_size": 8,
      "block_parameters": 640,
      "dense_parameters": 16512,
      "block_forward": {
        "median_ms": 0.38905011024326086,
        "p95_ms": 0.44350000098347664,
        "all_ms": [
          0.4110999871045351,
          0.3884001635015011,
          0.35949982702732086,
          0.33379998058080673,
          0.44010020792484283,
          0.44350000098347664,
          0.32750004902482033,
          0.38970005698502064,
          0.49460004083812237,
          0.33820001408457756
        ]
      },
      "dense_forward": {
        "median_ms": 0.10495004244148731,
        "p95_ms": 0.1400001347064972,
        "all_ms": [
          0.10950001887977123,
          0.09469990618526936,
          0.14810007996857166,
          0.1400001347064972,
          0.11699995957314968,
          0.10469998233020306,
          0.10440009646117687,
          0.10520010255277157,
          0.06349990144371986,
          0.06990018300712109
        ]
      }
    },
    {
      "channels": 4,
      "dim": 64,
      "batch_size": 8,
      "block_parameters": 1280,
      "dense_parameters": 65792,
      "block_forward": {
        "median_ms": 0.3467000788077712,
        "p95_ms": 0.4287001211196184,
        "all_ms": [
          0.3108999226242304,
          0.2570000942796469,
          0.46200002543628216,
          0.4287001211196184,
          0.42779999785125256,
          0.3687001299113035,
          0.35460013896226883,
          0.3388000186532736,
          0.2725000958889723,
          0.29090000316500664
        ]
      },
      "dense_forward": {
        "median_ms": 0.12039998546242714,
        "p95_ms": 0.15190010890364647,
        "all_ms": [
          0.12069987133145332,
          0.12340000830590725,
          0.16860011965036392,
          0.15190010890364647,
          0.11399993672966957,
          0.08989986963570118,
          0.11150003410875797,
          0.12010009959340096,
          0.12800004333257675,
          0.08930009789764881
        ]
      }
    }
  ],
  "chain_runs": [
    {
      "dim": 32,
      "batch_size": 8,
      "steps": 3,
      "model_parameters": 224,
      "standard_chain": {
        "median_ms": 3.7877000868320465,
        "p95_ms": 3.979099914431572,
        "all_ms": [
          3.2470000442117453,
          3.3140999730676413,
          3.75150004401803,
          3.6359999794512987,
          3.823900129646063,
          3.9083000738173723,
          4.494099877774715,
          3.9657000452280045,
          3.5281998571008444,
          3.979099914431572
        ]
      },
      "persistent_state_chain": {
        "median_ms": 3.7326498422771692,
        "p95_ms": 3.96459992043674,
        "all_ms": [
          3.940500086173415,
          3.775599878281355,
          3.6896998062729836,
          3.5097000654786825,
          3.4052999690175056,
          3.8388001266866922,
          3.349799895659089,
          3.6643000785261393,
          3.96459992043674,
          4.172200104221702
        ]
      }
    },
    {
      "dim": 64,
      "batch_size": 8,
      "steps": 3,
      "model_parameters": 448,
      "standard_chain": {
        "median_ms": 3.776300000026822,
        "p95_ms": 4.458799958229065,
        "all_ms": [
          4.66740014962852,
          4.458799958229065,
          4.055599914863706,
          4.017899977043271,
          3.4202998504042625,
          3.75879998318851,
          3.481100080534816,
          3.3225000370293856,
          3.7938000168651342,
          3.4021998289972544
        ]
      },
      "persistent_state_chain": {
        "median_ms": 3.7591499276459217,
        "p95_ms": 3.9121999870985746,
        "all_ms": [
          3.767099929973483,
          3.7618998903781176,
          3.574599977582693,
          3.9121999870985746,
          3.3596998546272516,
          4.193299915641546,
          3.756399964913726,
          3.7924000062048435,
          3.465800080448389,
          3.346799872815609
        ]
      }
    }
  ]
}
