{
  "environment": {
    "python": "3.12.0",
    "torch": "2.6.0+cu124",
    "platform": "Windows-11-10.0.26200-SP0",
    "device_name": "Intel64 Family 6 Model 186 Stepping 2, GenuineIntel"
  },
  "runs": [
    {
      "dim": 128,
      "batch_size": 64,
      "device": "cpu",
      "dense_params": 49664,
      "spectral_params": 896,
      "dense_ula_ms_median": 0.6536999717354774,
      "spectral_ula_ms_median": 1.5652499860152602,
      "dense_ula_ms_all": [
        0.8506001904606819,
        0.7011000998318195,
        0.6212000735104084,
        0.6327999290078878,
        0.6490000523626804,
        0.6166000384837389,
        0.6990002002567053,
        0.678099924698472,
        0.6087999790906906,
        0.6583998911082745
      ],
      "spectral_ula_ms_all": [
        1.640999922528863,
        1.3611000031232834,
        1.5622999053448439,
        1.6524000093340874,
        1.5682000666856766,
        1.5136001165956259,
        2.0175999961793423,
        1.760799903422594,
        1.3178999070078135,
        1.1467000003904104
      ]
    },
    {
      "dim": 256,
      "batch_size": 64,
      "device": "cpu",
      "dense_params": 197632,
      "spectral_params": 1792,
      "dense_ula_ms_median": 0.8445500861853361,
      "spectral_ula_ms_median": 1.7562499269843102,
      "dense_ula_ms_all": [
        0.8731000125408173,
        0.8384000975638628,
        1.0504999663680792,
        0.888400012627244,
        0.8507000748068094,
        0.8223000913858414,
        0.7481998763978481,
        0.7495998870581388,
        0.8171000517904758,
        1.1399001814424992
      ],
      "spectral_ula_ms_all": [
        1.8870998173952103,
        1.6759999562054873,
        2.141099888831377,
        1.785599859431386,
        1.6475000884383917,
        1.5659998171031475,
        1.774099888280034,
        1.6383999027311802,
        1.9563999958336353,
        1.7383999656885862
      ]
    },
    {
      "dim": 512,
      "batch_size": 64,
      "device": "cpu",
      "dense_params": 788480,
      "spectral_params": 3584,
      "dense_ula_ms_median": 1.7745998920872808,
      "spectral_ula_ms_median": 2.2236499935388565,
      "dense_ula_ms_all": [
        1.6681000124663115,
        1.6690001357346773,
        1.7672998365014791,
        1.9078999757766724,
        1.7818999476730824,
        1.7184000462293625,
        2.0514000207185745,
        1.7943000420928001,
        1.6431000549346209,
        2.260899869725108
      ],
      "spectral_ula_ms_all": [
        2.3535999935120344,
        2.0622999873012304,
        2.2299999836832285,
        2.524100011214614,
        2.2173000033944845,
        2.6781000196933746,
        1.9312999211251736,
        2.1054998505860567,
        2.256500069051981,
        1.879699993878603
      ]
    }
  ]
}
