{
  "environment": {
    "python": "3.12.0",
    "torch": "2.6.0+cu124",
    "platform": "Windows-11-10.0.26200-SP0",
    "device_name": "NVIDIA GeForce RTX 4060 Laptop GPU"
  },
  "runs": [
    {
      "dim": 1024,
      "batch_size": 64,
      "device": "cuda",
      "dense": {
        "parameters": 3149824,
        "parameter_bytes_fp32": 12599296,
        "forward": {
          "median_ms": 0.14545011799782515,
          "p95_ms": 0.16440008766949177,
          "all_ms": [
            0.20450004376471043,
            0.1547001302242279,
            0.16440008766949177,
            0.1462001819163561,
            0.1447000540792942,
            0.14450005255639553,
            0.1426998060196638,
            0.1433000434190035,
            0.1439000479876995,
            0.1533001195639372
          ]
        },
        "input_gradient": {
          "median_ms": 0.5336999893188477,
          "p95_ms": 0.7344000041484833,
          "all_ms": [
            0.4116001073271036,
            0.640900107100606,
            0.7344000041484833,
            0.5119000561535358,
            2.6320000179111958,
            0.5554999224841595,
            0.43819984421133995,
            0.4268998745828867,
            0.43279980309307575,
            0.5745000671595335
          ]
        },
        "ula_step": {
          "median_ms": 0.5013500340282917,
          "p95_ms": 0.6238999776542187,
          "all_ms": [
            0.6238999776542187,
            0.5503001157194376,
            0.494200037792325,
            0.4726999904960394,
            0.467000063508749,
            0.46410015784204006,
            0.5085000302642584,
            0.4867999814450741,
            0.6458000279963017,
            0.5480998661369085
          ]
        },
        "peak_memory_bytes": 32288768
      },
      "spectral": {
        "parameters": 7168,
        "parameter_bytes_fp32": 28672,
        "forward": {
          "median_ms": 0.4764001350849867,
          "p95_ms": 0.5524000152945518,
          "all_ms": [
            0.777499983087182,
            0.4995001945644617,
            0.4420999903231859,
            0.5100998096168041,
            0.5524000152945518,
            0.4292998928576708,
            0.4447000101208687,
            0.471500214189291,
            0.4813000559806824,
            0.4102000966668129
          ]
        },
        "input_gradient": {
          "median_ms": 1.1463500559329987,
          "p95_ms": 1.2626000680029392,
          "all_ms": [
            1.595200039446354,
            1.2027998454868793,
            1.122599933296442,
            1.1297001037746668,
            1.0861000046133995,
            1.2626000680029392,
            1.1829999275505543,
            1.1630000080913305,
            0.9745999705046415,
            1.0087999980896711
          ]
        },
        "ula_step": {
          "median_ms": 1.4650499215349555,
          "p95_ms": 1.8495998810976744,
          "all_ms": [
            1.5169999096542597,
            1.3387000653892756,
            1.4130999334156513,
            1.3602999970316887,
            1.527500106021762,
            1.8495998810976744,
            2.9621999710798264,
            1.5422999858856201,
            1.324100187048316,
            1.2482001911848783
          ]
        },
        "peak_memory_bytes": 32829952
      }
    },
    {
      "dim": 2048,
      "batch_size": 64,
      "device": "cuda",
      "dense": {
        "parameters": 12591104,
        "parameter_bytes_fp32": 50364416,
        "forward": {
          "median_ms": 0.45930000487715006,
          "p95_ms": 0.7283999584615231,
          "all_ms": [
            0.5210000090301037,
            0.40970020927488804,
            0.45900000259280205,
            0.4553000908344984,
            0.4447000101208687,
            0.7283999584615231,
            2.392000053077936,
            0.4688000772148371,
            0.44899992644786835,
            0.45960000716149807
          ]
        },
        "input_gradient": {
          "median_ms": 0.7175500504672527,
          "p95_ms": 0.7619000971317291,
          "all_ms": [
            0.8528998587280512,
            0.7619000971317291,
            0.7009999826550484,
            0.7211000192910433,
            0.6933000404387712,
            0.7140000816434622,
            0.7023999933153391,
            0.7084999233484268,
            0.727799953892827,
            0.7372000254690647
          ]
        },
        "ula_step": {
          "median_ms": 0.7294499082490802,
          "p95_ms": 0.7429998368024826,
          "all_ms": [
            0.7307000923901796,
            0.7311999797821045,
            0.743800075724721,
            0.7259000558406115,
            0.7257000543177128,
            0.7296998519450426,
            0.7291999645531178,
            0.7429998368024826,
            0.721900025382638,
            0.7209000177681446
          ]
        },
        "peak_memory_bytes": 71655424
      },
      "spectral": {
        "parameters": 14336,
        "parameter_bytes_fp32": 57344,
        "forward": {
          "median_ms": 0.4520999500527978,
          "p95_ms": 0.5454001948237419,
          "all_ms": [
            0.5454001948237419,
            0.4561000969260931,
            0.39599998854100704,
            0.45659998431801796,
            0.4461000207811594,
            0.4480998031795025,
            0.4471999127417803,
            2.4429000914096832,
            0.5214998964220285,
            0.3915999550372362
          ]
        },
        "input_gradient": {
          "median_ms": 1.1594999814406037,
          "p95_ms": 1.225499901920557,
          "all_ms": [
            1.1888998560607433,
            1.225499901920557,
            1.106299925595522,
            1.0191998444497585,
            1.0498999617993832,
            1.0770000517368317,
            1.216100063174963,
            1.4343999791890383,
            1.1646999046206474,
            1.15430005826056
          ]
        },
        "ula_step": {
          "median_ms": 1.362999901175499,
          "p95_ms": 1.7580999992787838,
          "all_ms": [
            1.2284999247640371,
            1.391200115904212,
            3.2009000424295664,
            1.478099962696433,
            1.3736998662352562,
            1.2572999112308025,
            1.294699963182211,
            1.3522999361157417,
            1.3407999649643898,
            1.7580999992787838
          ]
        },
        "peak_memory_bytes": 73781760
      }
    }
  ]
}
