{
  "config": {
    "channels": 4,
    "dim": 256,
    "batch_size": 64,
    "repeats": 20,
    "output": "benchmark_results\\2026-07-14-triton-cuda.json"
  },
  "environment": {
    "python": "3.12.0",
    "torch": "2.6.0+cu124",
    "device_name": "NVIDIA GeForce RTX 4060 Laptop GPU"
  },
  "triton_available": true,
  "triton_runtime_available": true,
  "status": "measured",
  "torch": {
    "median_ms": 0.3051998792216182,
    "p95_ms": 0.32110000029206276,
    "all_ms": [
      0.34859986044466496,
      0.30209985561668873,
      0.3090999089181423,
      0.2882999833673239,
      0.3068000078201294,
      0.31279982067644596,
      0.3136999439448118,
      0.3053999971598387,
      0.30630012042820454,
      0.29630004428327084,
      0.3033000975847244,
      0.32110000029206276,
      0.30509987846016884,
      0.3044998738914728,
      0.3052998799830675,
      0.30419998802244663,
      0.30559999868273735,
      0.2770000137388706,
      0.3003000747412443,
      0.2817001659423113
    ]
  },
  "triton": {
    "median_ms": 0.3198999911546707,
    "p95_ms": 0.4165000282227993,
    "all_ms": [
      0.3296998329460621,
      0.31509995460510254,
      0.3160999622195959,
      0.3217000048607588,
      0.3122000489383936,
      0.3291000612080097,
      0.3106000367552042,
      0.30189985409379005,
      0.3263000398874283,
      0.31809997744858265,
      0.30399998649954796,
      0.2866999711841345,
      0.35300012677907944,
      0.32810005359351635,
      0.3007999621331692,
      0.3309999592602253,
      0.39359997026622295,
      0.7909999694675207,
      0.4165000282227993,
      0.31129992567002773
    ]
  }
}
