{
  "environment": {
    "python": "3.12.0",
    "torch": "2.6.0+cu124",
    "platform": "Windows-11-10.0.26200-SP0",
    "device_name": "NVIDIA GeForce RTX 4060 Laptop GPU"
  },
  "runs": [
    {
      "dim": 128,
      "batch_size": 32,
      "device": "cuda",
      "dense": {
        "parameters": 49664,
        "parameter_bytes_fp32": 198656,
        "forward": {
          "median_ms": 0.21829991601407528,
          "p95_ms": 0.22240006364881992,
          "all_ms": [
            0.28909998945891857,
            0.22240006364881992,
            0.21829991601407528,
            0.18019997514784336,
            0.17479993402957916
          ]
        },
        "input_gradient": {
          "median_ms": 0.5459999665617943,
          "p95_ms": 0.5550999194383621,
          "all_ms": [
            0.5550999194383621,
            0.6637000478804111,
            0.5266000516712666,
            0.49569993279874325,
            0.5459999665617943
          ]
        },
        "ula_step": {
          "median_ms": 0.6779998075217009,
          "p95_ms": 0.6885000038892031,
          "all_ms": [
            0.6885000038892031,
            0.6709999870508909,
            0.7110999431461096,
            0.6516999565064907,
            0.6779998075217009
          ]
        },
        "peak_memory_bytes": 18388480
      },
      "spectral": {
        "parameters": 896,
        "parameter_bytes_fp32": 3584,
        "forward": {
          "median_ms": 0.49530016258358955,
          "p95_ms": 0.5067000165581703,
          "all_ms": [
            0.5511001218110323,
            0.5067000165581703,
            0.49530016258358955,
            0.4759000148624182,
            0.4952000454068184
          ]
        },
        "input_gradient": {
          "median_ms": 1.4072000049054623,
          "p95_ms": 1.4633000828325748,
          "all_ms": [
            1.2487000785768032,
            1.2338999658823013,
            1.4072000049054623,
            1.4633000828325748,
            1.4718000311404467
          ]
        },
        "ula_step": {
          "median_ms": 1.518599921837449,
          "p95_ms": 1.645500073209405,
          "all_ms": [
            1.3864999637007713,
            1.4732000418007374,
            3.748600138351321,
            1.645500073209405,
            1.518599921837449
          ]
        },
        "peak_memory_bytes": 17444352
      }
    }
  ]
}
